tmdb_id,score_imdb
27205,7.940766568473191
157336,7.937818524484626
155,7.933772099682169
299536,7.926984662782653
550,7.925936123131331
680,7.922181372321347
13,7.920857425914716
278,7.91884810511775
68718,7.918182645275439
603,7.915651911738687
299534,7.9156185778435475
475557,7.914318318368906
120,7.913882894803304
122,7.910444278741428
11324,7.910173011937447
106646,7.9099267029636415
16869,7.903681545189152
121,7.901527117730625
673,7.900471379003082
807,7.897538869127747
12445,7.896148467594996
11,7.895946027960679
238,7.894719811338352
105,7.892352533085613
354912,7.889830890756572
10681,7.886250732180125
98,7.88375503559196
8587,7.8834759055748265
37165,7.882785051260052
496243,7.880875501771542
694,7.878246706606212
77338,7.8773444677018105
497,7.876920249812838
205596,7.876098908707313
1891,7.874908459414912
274,7.869622793781103
129,7.8695192186356095
1124,7.8667423387476205
424,7.866425554817211
857,7.866149228545206
324857,7.861987750872802
244786,7.8596194933434
1422,7.85831536123113
120467,7.858145927036482
77,7.8578342428758985
38,7.857711081817481
101,7.857321249164926
500,7.853271886596559
348,7.853029494338734
324786,7.846896062939418
637,7.841662031424036
185,7.838108461123142
769,7.836396635794432
280,7.835981909183679
240,7.830876237128961
398818,7.829485105714193
14,7.828801514893612
489,7.828333533828037
103,7.827904609797141
111,7.822570424942091
146233,7.821785534909701
73,7.821353120293936
62,7.819281632987992
490132,7.818867703915264
372058,7.816800728764746
207,7.814926973541919
600,7.803642863137128
510,7.8032085247698735
629,7.802480341697791
508442,7.801322461501174
359940,7.798377006020125
539,7.796629440304136
791373,7.7957149343430086
641,7.793940599667354
381284,7.7889296652583155
4935,7.787141111928335
515001,7.784846079580121
264644,7.781990248494295
337404,7.780194821263446
423,7.7770737621375154
361743,7.764302074594671
670,7.7628359984175415
429,7.76270421135287
389,7.7610577992114065
50014,7.754576148707256
28,7.754152273316422
4348,7.750416422414158
406997,7.74962623050576
128,7.746715598309979
8392,7.744655883012811
359724,7.739229664601017
598,7.72848582067054
315162,7.728105500286913
1091,7.712316423302765
28178,7.709142145995521
334543,7.706745295117859
100,7.702951098184909
7345,7.701372376748689
567,7.697479809259439
872585,7.6973940609060545
449176,7.686324738321305
569094,7.670190375927267
524,7.666793460323521
426,7.664384233535543
527641,7.662580988266929
935,7.65683260908922
15,7.653097074533408
400928,7.649739582308583
289,7.647600675648312
311,7.644786640118636
19404,7.5978931250005886
411088,7.595991011116958
637920,7.59360725042884
11216,7.578858480030202
335,7.573899918928982
1585,7.572449438076315
279,7.567250201409227
103663,7.559755153351159
508965,7.549158043444494
406,7.547246075859441
378064,7.542884284682749
938,7.541115945358505
635302,7.5293834017529475
11778,7.524986094272108
3082,7.521901588390757
11423,7.519210198998676
290098,7.514509434686931
582,7.5141780418095845
346,7.508926516502559
1955,7.495942515050312
239,7.494151265992211
914,7.482127696762824
872,7.454613663793902
600354,7.451531593566176
490,7.432281971218592
975,7.418838457744454
555604,7.4096799816845795
3175,7.4096799816845795
265177,7.402075747340556
19,7.389946426786606
843,7.376405518035375
46738,7.373293951791348
521,7.37237286706441
9277,7.372003674633271
599,7.370336919419971
696374,7.3675392457799544
339877,7.355706847843429
10494,7.349028199314977
531428,7.348829671775884
762975,7.337926354652131
7347,7.3360735366147765
5156,7.332336614682028
110420,7.319787350669999
10376,7.315864304310518
422,7.314326427024125
1010581,7.314326427024125
284,7.307207168641507
387,7.297173302749547
470044,7.29275008073969
548,7.289455072796381
901,7.289218539864555
147,7.281807095107005
797,7.280839506147903
832,7.280597201399301
1398,7.272756298962236
10098,7.269771714689851
606856,7.257842368353536
538362,7.23960558894342
678512,7.226941525616628
439,7.2129791720431715
996,7.196996048797715
140420,7.188758546258786
149871,7.183484701244025
655,7.181920495690852
447362,7.174647272420998
517814,7.165942380372314
399106,7.161356046250245
614,7.146948659110317
724089,7.140769615192404
962,7.134149429745792
18491,7.119873245570126
705,7.117326371952511
504253,7.110338539063802
11645,7.1099676922689135
522518,7.1054932944085145
458220,7.100973681580263
618344,7.100594984731728
522924,7.096408164939959
110416,7.078866477028957
664767,7.078468922638379
11878,7.0748754305689445
25237,7.06063022162478
556574,7.057312359272902
37257,7.054808540838036
26022,7.039933675248706
810693,7.020106697454393
9702,7.018755741614488
592350,6.978867763631336
441130,6.9655099291439555
19995,6.963534510105548
24428,6.962651366184033
293660,6.962315903105806
118340,6.959259308619939
671,6.957628652350393
1726,6.9565543264839205
597,6.954512615344114
99861,6.950525123287658
271110,6.949972052683053
49026,6.949727422632296
284054,6.948864654467586
755812,6.948701375555452
76341,6.948666838817557
284052,6.948613674970872
70160,6.948315783231573
761053,6.948183494459666
40096,6.948183494459666
672,6.947747824805546
315635,6.9476975339728275
283995,6.947320892478102
272,6.945478596041906
150540,6.945334953714942
284053,6.945206342428248
674,6.944827523387794
22,6.944516360061899
14160,6.94355307383653
297762,6.9434663872858975
102899,6.942857768451912
634649,6.942404991104932
286217,6.942384636429198
140607,6.941770205824733
675,6.941576434431635
767,6.941393410730954
12,6.941026949188833
263115,6.9409842526634495
346364,6.940806706455373
245891,6.940732926188165
259316,6.940330065032843
12444,6.940323824387026
557,6.939896376139101
100402,6.939788555571842
210577,6.938895507268855
49051,6.938721607353978
585,6.938357505199218
862,6.938227373268005
281957,6.937813334082781
3782,6.93665960844279
9806,6.93603567590119
329865,6.935981852000063
383498,6.935181897861702
101299,6.935115561391467
381288,6.934986184341886
24,6.93470720298393
419430,6.934425817028853
424694,6.933566916623189
198663,6.933466213488406
808,6.9333690952153395
18785,6.933259985598755
2062,6.933064255601685
207703,6.932490090733148
313369,6.9323900997543175
109445,6.932011468200961
374720,6.931694050024129
269149,6.930870638099899
329,6.9305509063871185
58,6.9291803707182025
6479,6.928438734166496
177572,6.928411799369746
75656,6.928294847235509
339403,6.928073395547278
1892,6.927987158058505
429617,6.927704307491487
640,6.927405374920681
333339,6.9273406655897825
37724,6.927085329611725
49047,6.927048040257823
127585,6.926884449881672
330459,6.9266636137621695
164558,6.925962018990505
118,6.925621618572191
558,6.925602222684211
20352,6.925587669128399
10193,6.9238548404452605
752,6.922840601335573
44214,6.922762266920685
152601,6.921975420056962
285,6.92171314356542
122917,6.921508528354985
273248,6.921259400659155
10528,6.92057436621333
447332,6.920112880206729
393,6.919310789348308
863,6.919213683544749
137113,6.918892145966817
1271,6.9187882503382525
607,6.9187709085168425
78,6.918747774564125
1895,6.918352471471211
62177,6.91714314192646
335984,6.916585958172146
102651,6.916236971062325
264660,6.915959385356294
87827,6.915872649742213
425,6.915661258868756
466272,6.915598882756684
57158,6.915323328170448
10191,6.914273775071599
194662,6.914228672961528
324552,6.9141577022531315
190859,6.914125403999783
162,6.914060734524671
260513,6.9138401278786805
218,6.913138414808428
4922,6.912959537316232
165,6.912666449357398
64690,6.911768400630364
85,6.9104810553618705
277834,6.91036151863586
82690,6.910340390772559
141,6.910312204790406
64682,6.910093161092974
19908,6.909844564208654
296096,6.909837441238297
399055,6.909673301705962
530915,6.909515738483438
809,6.909249502485339
127380,6.909155587784838
82693,6.908734204554792
546554,6.908389860620785
37799,6.90806513282471
350,6.907250690324538
228150,6.906796185376766
332562,6.906582555153334
6977,6.90650602111692
23483,6.906020958062515
61791,6.90488518867754
745,6.904805846993087
161,6.904750229008691
194,6.904367090736036
138843,6.904182409215207
11036,6.90357520014813
76203,6.903059165286538
38757,6.903009730898617
9502,6.902993241563509
222935,6.902918970119364
8358,6.902828039318216
812,6.902579178227175
601,6.901926133873593
8681,6.901791092405604
76600,6.901613285089502
115,6.901545379497293
119450,6.90096437505451
562,6.90069722361235
604,6.899304023096543
242582,6.898108258370815
13223,6.897953366158735
266856,6.897925983341066
18,6.897788848522447
36557,6.8976329829344385
168259,6.897587049605414
1359,6.897273606423001
51876,6.897153252861673
12405,6.8969489338769305
62211,6.896874434642429
411,6.896715765567302
1417,6.896387551639107
8844,6.896236815216687
84892,6.896180175923683
458156,6.895877052349737
58574,6.895236619274132
196,6.895188509712814
438631,6.894685538367767
1949,6.894500554104939
578,6.893931823938388
453,6.892866362537845
652,6.891984145173036
420817,6.891984145173036
89,6.8917073917017575
197,6.891635409149475
497698,6.8916148251261395
19913,6.891542719421509
420818,6.891305123702555
13475,6.890816350339946
10020,6.890627994417589
56292,6.890143674793332
1402,6.889548247556439
399566,6.8891512864257525
301528,6.888653770490109
330457,6.888599423443296
627,6.887645219430257
5915,6.887512320724803
10674,6.8870111379953585
82702,6.886831861736724
454626,6.88646030183595
70,6.886358543492643
414906,6.886177188684732
287947,6.8859382802351945
577922,6.885926878623862
316029,6.885652554484281
679,6.885227043523396
17654,6.884868088554592
568124,6.88463531073121
9479,6.884588642167589
2501,6.8834452552091845
9741,6.882979131845071
566525,6.882666306164212
87,6.882605955534731
54138,6.882533452779529
176,6.882084365959199
13183,6.881729971370413
399579,6.881521230663738
664413,6.880778572268401
3933,6.880553955804179
107,6.879938189768872
318846,6.879887642748461
156022,6.8793032780278285
177677,6.877882556848917
954,6.8774366334177985
620,6.877383957639746
453395,6.877304859020871
45269,6.877013955572059
281338,6.8760252573333105
180,6.875917418044267
10625,6.875307309195053
152532,6.874869790981702
466282,6.874869790981702
273481,6.873285864285267
391713,6.872947282760313
50646,6.872578438337777
259693,6.872535741511575
744,6.8723932118699675
122906,6.872378941372526
436969,6.872207446108972
537915,6.872193134029916
550988,6.871992427790591
747,6.871834287258886
68734,6.871516831091322
314365,6.871270444867809
63,6.8709793661676795
45612,6.870833332626273
508943,6.8707894580789315
502356,6.869593474317577
353081,6.868829022270475
187,6.868496484645439
38700,6.868131788046351
114,6.867657717007205
2108,6.867442501307135
335797,6.866823724326424
35,6.866683702541253
4951,6.866574592979437
9552,6.865821574809303
275,6.86555283856658
646380,6.865441869325919
106,6.86518753617875
10144,6.865123802594625
137,6.864964204680288
594,6.864273607725157
290250,6.86401483481329
22538,6.8637225332879295
137106,6.863689977753598
1366,6.863052021331228
340666,6.86262338916012
268,6.862424652652576
336843,6.862142122946741
14836,6.861858430426477
2503,6.861674241667045
116745,6.860745880872864
487558,6.8601828588278755
1372,6.860011346142434
404368,6.8596152655619544
44115,6.859373073783503
2502,6.859095257902597
4638,6.858816342169136
493922,6.858798873268142
312221,6.858588908767426
1954,6.857884494863403
300669,6.857813667300415
454983,6.857047788269213
408,6.856922328705257
59436,6.856454401729953
11970,6.856309807825879
396535,6.855197626412019
346698,6.854958374905074
44826,6.8549214967903795
153,6.854866144442722
621,6.854625795382564
7326,6.85438464894132
65,6.854179976201523
587,6.854012088237575
363676,6.853843813236824
8363,6.853731414221112
385128,6.853731414221112
949,6.852882879174052
376867,6.852311698427996
96721,6.851966856110146
14574,6.851870780601392
561,6.8512141452090125
9693,6.850688537714658
773,6.850649456059824
328387,6.849843749178042
65754,6.849843749178042
492188,6.849387949551686
49444,6.8489493704504465
142,6.8483874709383725
109424,6.848367325771076
296098,6.8481251655247695
11321,6.846984780605139
530385,6.846861579945401
615457,6.846490784739458
4232,6.846263302405109
616,6.846221869526091
527774,6.846035144866855
81188,6.845115702192335
37135,6.845010524752563
398978,6.844926279895791
11224,6.844778630815169
2668,6.844397667542013
18240,6.844355222825031
257211,6.843993505639524
508,6.843779944387833
114150,6.8433080452771
4011,6.843135737972938
11688,6.842442702437267
170,6.8424209463895505
3131,6.841765459477694
293863,6.841633707154195
322,6.841259214599127
2649,6.83960822118807
334533,6.839405079334805
1933,6.838381602287654
766507,6.838106468116488
206487,6.837738162057887
203801,6.836576327331108
200727,6.83652950777154
80278,6.836388887993279
22881,6.836248026080231
380,6.835705801001025
166428,6.835682144528888
927,6.835611134219695
184,6.8353977345670165
12230,6.835350237159591
782,6.834897640878635
9325,6.8348259507530935
520763,6.833573354783889
331482,6.8333302897258825
505642,6.832645914907336
644,6.832350887873237
1368,6.832326255326642
508439,6.832227652712897
420809,6.832128934061948
1018,6.832005372258667
88,6.831732894979819
11544,6.831583898133578
242,6.831484420223439
406990,6.831409734636302
788,6.830709463544448
302946,6.83055864792177
1637,6.830457954799157
345,6.83015515608768
1572,6.830028670502402
370172,6.829724335087008
254320,6.829265783027098
509,6.829240235486028
447365,6.829240235486028
545609,6.829086789539183
497582,6.828933067569049
545611,6.8272498476768275
31011,6.826882963251384
13885,6.825958897933983
1813,6.825852661949202
12092,6.825799495306537
306819,6.825799495306537
423108,6.825613156135868
83666,6.825346264731118
10895,6.825292788388415
755,6.82507855514303
460465,6.824836913853127
334541,6.824729303294904
2034,6.824459697547011
389015,6.824243415024353
235,6.823208751936968
628,6.823099130949174
388,6.822438539560157
762,6.821800826632281
570670,6.821410405908157
861,6.8211024445450885
603692,6.820708954242439
9340,6.8206244095808115
855,6.820087102909211
17431,6.819831464122691
3170,6.819717613547097
451048,6.819489480188725
856,6.819088854431377
117,6.818484570344063
12162,6.8181953948945555
1584,6.817934348078035
522627,6.817439208727103
307081,6.817175984260353
1538,6.816322628963966
630,6.8162634831352635
251,6.815729451599084
10386,6.815669923074321
10198,6.8156103560758
4553,6.8154612700118244
1579,6.815132430544812
948,6.814922558182472
345920,6.8148324669403095
718930,6.814320288602851
613504,6.813805269008505
480530,6.813226267390037
10693,6.812428089045549
568,6.812150204733024
10009,6.8120264361313
82695,6.811092947153306
4982,6.811030384791046
9444,6.810811089813184
2567,6.809579925538649
10315,6.809484556553109
369972,6.809006275105125
21208,6.809006275105125
375262,6.808910330501193
44264,6.808878327541974
10340,6.8084934542294215
754,6.807816182848286
85350,6.8063157660816564
395834,6.805224866658666
399404,6.804390211476367
43347,6.804356676453476
583083,6.804256002359027
661374,6.804121608951789
637649,6.803480711856919
9509,6.803005781763011
22803,6.80191155940863
60308,6.801808352510093
377,6.801705038010969
1581,6.801463551453223
6114,6.801359877067558
8321,6.801290700636101
10112,6.801221476006466
297,6.801082881951041
23168,6.800387002580571
10545,6.800142293126642
5548,6.799615890035667
324849,6.7990513283594165
385687,6.7990513283594165
11360,6.798945118702101
508947,6.798305495537845
1491,6.796797096466012
310307,6.795924981000201
2118,6.795888480370797
9377,6.795339399883989
399174,6.7945287169162984
563,6.792850334680182
7485,6.792699817212193
2109,6.792549080849504
503919,6.791601989363244
675353,6.791487756943747
1265,6.790684610006076
433,6.7896040733320655
1830,6.789137563516837
14306,6.787646537728531
473033,6.787567478360596
756999,6.787329946655445
504608,6.787091883162896
152584,6.7863344867540025
7980,6.785853348424305
9802,6.785853348424305
9023,6.785571682403819
1878,6.785450741446347
824,6.784356102372095
9428,6.783702140590053
1700,6.783620116373364
2493,6.7830854388430195
1427,6.782961676255824
941,6.782713726914151
59440,6.782506669287807
7299,6.781924802933904
2907,6.781590907895335
338766,6.780540864183294
792,6.780329642685876
381341,6.780287349586662
813,6.778968137469132
203833,6.778496213849596
524047,6.778022270716422
9366,6.777935881251825
686,6.777849424518808
302401,6.777719613119035
1374,6.777198846886591
10830,6.777155339533905
45317,6.776588193765294
9603,6.776369291348839
11886,6.776369291348839
615,6.776018153827894
583,6.775798132368
8329,6.77557767822087
1367,6.775445197511438
425909,6.775401002509963
9426,6.775135466749385
4133,6.775091149734553
501170,6.775046815248004
33,6.774557979801091
387426,6.774379694296782
249164,6.774201126583523
438695,6.7737534682302
593643,6.7737534682302
492,6.773394061507769
567609,6.772490529057641
500664,6.77217258809206
193756,6.7717624987506255
9800,6.771167534339908
1578,6.770983843819611
51828,6.770569459942325
164,6.769736177109186
63311,6.768990383350834
696806,6.768896819310069
581,6.7686625772862605
4347,6.7686625772862605
3580,6.76856874746565
5503,6.7680984543290235
12429,6.767956993443091
840,6.767956993443091
227306,6.767768110246871
9016,6.767341996687691
525,6.767152110539302
22954,6.767104590561862
547016,6.766771406857372
1885,6.766389456244242
376660,6.766054221761608
9820,6.76586222686769
134,6.765766111197275
391,6.765573642923814
667538,6.764994335616377
10515,6.764897505923593
10229,6.7646550822340945
116,6.764557972715726
72570,6.764119986306971
149,6.763875955670002
76,6.763680367312721
2270,6.763533463272508
213,6.7633863764779445
186,6.763091653259939
639933,6.762796194918545
205587,6.762351623022308
571,6.761905381546656
770,6.761107911608358
639,6.760857605564359
36955,6.760757336216588
34584,6.760606774439506
537996,6.76030508165367
590223,6.759446141178988
426426,6.759395423519529
16859,6.758836114487136
90,6.758222985964644
1587,6.757400615168606
9837,6.75724579743738
924,6.756831982474562
764,6.7562606778626915
6145,6.755057414413635
277216,6.754794261657311
2024,6.754054416757139
489999,6.753948360015766
9495,6.753842211767283
703,6.7534167013295425
805,6.753310093764186
9078,6.753150009464228
71,6.75288274009379
198277,6.752023575348353
276907,6.751969679146517
417678,6.751807849881062
529203,6.751753859854933
2832,6.751158415558901
40807,6.750287197757794
9798,6.750068439280142
20766,6.749134423775143
613,6.748968872361004
1924,6.748803102300929
14756,6.748637113161481
7340,6.748526331809855
2898,6.748359976571802
399057,6.748304475904968
10501,6.748082228201572
7350,6.748026604935554
829,6.747636553240408
536554,6.746740455781874
3558,6.746459118807626
1164,6.746459118807626
258480,6.74617715608388
481848,6.74555462514005
4771,6.745156876675552
396371,6.745099953931902
77877,6.743726138278267
976573,6.743207131807633
116149,6.743091511425737
985939,6.742104518362288
455207,6.741754354775543
23169,6.7413446268706085
2277,6.741168630926088
12163,6.740874771515243
313297,6.740698135367672
37094,6.740521258243093
866,6.7403441396480375
37136,6.739989176065874
4147,6.739751994014395
401104,6.739216749029507
8810,6.739037844443888
2280,6.738499654847187
853,6.738439718944104
371638,6.737838845337267
49046,6.73771833917562
1213,6.737537372068336
658,6.7362635760927025
5176,6.736202610668776
4538,6.735346125638479
246741,6.734977355725296
7445,6.734854203938923
334,6.734792585115762
819,6.734484060901146
300671,6.73442226989833
2899,6.73386485395362
881,6.733429687865715
1089,6.733305093188391
785084,6.7331803819857665
16320,6.732993096339055
62215,6.7329306093501335
81,6.732680368646785
400617,6.732617735181144
419478,6.732429658558764
1640,6.732115608862236
252,6.731422097847288
35690,6.72996036293259
438148,6.72893408402687
57212,6.728676294282721
522402,6.727184435513537
1598,6.726988634869167
2164,6.726399542976054
871,6.726333931355665
718789,6.726268288259324
457799,6.726005400661014
458423,6.7258079033525044
94329,6.7258079033525044
6023,6.725742007631128
942,6.7256101211236174
241,6.7256101211236174
140823,6.7254781077106385
258230,6.725412053357345
80,6.7248161306373575
429197,6.724683351930789
265195,6.724550445028512
3176,6.724150953288161
381289,6.724084258644372
899082,6.7237503010779776
507089,6.7237503010779776
1541,6.723549538215389
1592,6.723012741202214
7735,6.7229454949631275
9475,6.722743560192693
9323,6.7223388062659675
37247,6.7218650971857485
499932,6.721253662372527
74643,6.720844543481684
68,6.720707903512757
244267,6.720022692284869
2252,6.720022692284869
617653,6.719195987636104
212778,6.71898854808006
15121,6.717807243756955
793,6.717807243756955
10312,6.717457908827215
11621,6.716615965670009
10948,6.7164046952666805
1621,6.716193109612814
1669,6.715768989726806
77016,6.715130427796586
50348,6.714774429830824
393519,6.714488990180916
588228,6.714417540979261
30497,6.714346056008291
504949,6.713916393520463
228205,6.7137728853155565
576845,6.713485436543591
146,6.713125312657899
59,6.712329844656699
167073,6.711602854120072
3034,6.711311028017486
1443,6.711237979188543
179144,6.710652255008398
614934,6.709621499682729
8619,6.709325647924892
4995,6.709251590765127
462,6.709251590765127
470,6.709103363179485
6075,6.7089549843797815
284293,6.708508938378831
766,6.708285402288631
582014,6.707687626473648
580175,6.7070873957271875
1103,6.706182413427684
68730,6.705727822009573
82633,6.705651919977592
575264,6.70542397876952
382591,6.704890740561966
765,6.70473803201892
756,6.704585165351572
493529,6.7042023052755635
1904,6.703433600247693
8055,6.703433600247693
818647,6.7026608894614705
61979,6.702505863856393
9361,6.702428290418024
556984,6.702195327179834
10439,6.700318406972984
587792,6.698576992539124
192,6.698337957640266
15472,6.697938722539207
8337,6.697538429301119
657,6.697217430022055
609,6.697137073713675
68722,6.696976233073055
72113,6.696654038743521
503314,6.696331158529304
8741,6.696331158529304
6978,6.69616946053065
947,6.6959265903951835
149870,6.6956021589098755
132363,6.695439683414231
400160,6.695358380606814
968,6.694869650736129
13310,6.694788043261065
581734,6.694706392122291
1542,6.694215566386153
491418,6.694133608617831
43949,6.694051606904322
342470,6.694051606904322
11906,6.692070289733708
6537,6.692070289733708
551332,6.691654280938428
7214,6.691654280938428
152742,6.691069976652172
364689,6.691069976652172
43539,6.690483453689483
421,6.689726072254792
205,6.689726072254792
501929,6.6895572616303385
979,6.689472787415816
11836,6.689472787415816
2756,6.689388267216419
69,6.689388267216419
1278,6.689388267216419
445651,6.688710445650061
978,6.687858997197243
429200,6.687517112199651
309809,6.685969315837403
516486,6.685796391451851
71859,6.685709857822397
220289,6.685536647493283
431693,6.685276473732245
610150,6.685276473732245
51739,6.685015869101055
36685,6.685015869101055
103731,6.682915391429042
2666,6.681943281425061
10734,6.681499440065064
420814,6.6807867115393345
9470,6.680608030717359
2044,6.680250068297317
46838,6.67881015866961
5123,6.678538730634683
394117,6.678357523605729
665,6.676625812908224
615777,6.676350678886308
86829,6.675891080304778
398173,6.675799003907137
533,6.675522460549652
319,6.67515300135301
228326,6.67506050505499
5236,6.67487535434562
786,6.67487535434562
9473,6.674504419210816
801,6.673946426786606
10601,6.6731058418083995
9539,6.672543039814382
10637,6.67122226843939
1580,6.670272318333755
239571,6.66979528175727
388399,6.669029145520048
505600,6.668452206203697
308369,6.66806646124291
1574,6.667195244605753
595,6.666221846666605
321741,6.665830891289349
612,6.665733009300856
744275,6.664849484215308
55,6.6646525106532835
364433,6.664455305425793
638,6.664455305425793
12144,6.6632671861177695
4476,6.663167796267156
459151,6.6611676050335875
25376,6.659347013060634
365942,6.658429360596564
5925,6.6582247660236975
11005,6.657609509076845
502033,6.656992032988615
542178,6.656785712406955
228970,6.6565791434706965
49797,6.656268823419616
292011,6.656165258738513
546121,6.656165258738513
2292,6.656165258738513
1645,6.655957942041943
11545,6.655854189913486
4512,6.655854189913486
482373,6.6555425577280785
522162,6.65429036466317
674324,6.6540807801616015
602223,6.653975892587363
758323,6.653765926502769
2757,6.653660847876518
567189,6.652712262249886
451915,6.652500759364533
416477,6.651864702182161
829280,6.65111968625898
705861,6.650799416693123
5528,6.6504785585767605
984,6.650157110286058
553,6.6494047599855985
338,6.649189208039694
985,6.6475640808379
10331,6.64734625888539
13597,6.64734625888539
8470,6.647019020647425
476299,6.646362718857492
13363,6.646362718857492
167,6.6462530978775956
1607,6.646143408915697
549053,6.646033651908537
112949,6.645153138604826
8374,6.645153138604826
132344,6.644932325374339
20453,6.644600589770516
814,6.644046317452628
8923,6.642485117090578
696,6.642485117090578
277217,6.64192422144748
677179,6.641811831058733
1429,6.641586838490303
8195,6.641248819161624
614917,6.641023118513093
5825,6.640910161659258
428449,6.640457622480505
934433,6.640344309408485
379170,6.639549113630172
180299,6.6393212685692555
12159,6.638521537457436
4977,6.638521537457436
346648,6.638407000555489
522,6.638292391046949
10950,6.637603205383654
783,6.637603205383654
504,6.637372892835438
369557,6.637026874603411
8051,6.636448707790101
42297,6.6361009227529095
937278,6.635519799985028
1262,6.635170234575807
465136,6.634819998000999
556803,6.634469088325792
11978,6.634234773638822
273895,6.631399384287184
1008042,6.6312802887732225
522212,6.629965140646279
926393,6.629845116364944
262,6.629845116364944
318121,6.62936423960803
79,6.629243825130969
473,6.62815656362109
483184,6.62815656362109
10867,6.627792724642245
10139,6.627428172952374
1646,6.627306496980118
11770,6.6270629064552695
12102,6.626085351819503
84199,6.626085351819503
104,6.62584016188627
697843,6.625594650181472
152603,6.624856178091099
568160,6.624609372945106
527435,6.62374299167594
926,6.623618896356571
921,6.6234947191531255
615665,6.623246118769601
642,6.622123342302359
446893,6.6212454343687766
38810,6.620867938123961
837,6.6199841804039705
776503,6.619857592855804
9388,6.619730920944059
345938,6.619604164584374
623,6.6189691131062185
319888,6.618331937710074
967,6.6182042468227245
18947,6.617948608554778
688,6.61769262772299
38286,6.617436303638325
409,6.616793987156858
882569,6.616536456234249
11474,6.616536456234249
1900,6.61640756092542
10024,6.61640756092542
804095,6.613025599780646
1523,6.612762977181243
4032,6.61078188736464
15370,6.61078188736464
11969,6.610649093740403
203,6.610383234466754
820,6.609583473743799
431580,6.609449860969584
552178,6.609182360874358
1360,6.6090484733652355
21032,6.608512004718053
923,6.608512004718053
826,6.608377657430721
507076,6.608243217903579
9631,6.608108686041595
378,6.607569633340139
371645,6.607029095645014
802,6.607029095645014
10925,6.606622714151369
1251,6.605807424439767
14069,6.605534909696898
537116,6.605534909696898
10673,6.605398510979642
10590,6.60526201790146
804,6.6038918756519
505192,6.6038918756519
9571,6.603754338108724
11615,6.603203231485788
794,6.602927102906445
198375,6.602512188698405
484468,6.60000437916338
1547,6.599161395768572
10474,6.597890237404201
466420,6.596753531361529
243,6.596468349983424
899112,6.596468349983424
724495,6.596182764951566
318781,6.59589677540833
624,6.595610380493666
1677,6.595180026162868
650,6.595180026162868
653,6.594604793517983
449924,6.594460729834088
111969,6.594316563723115
37797,6.594172295075792
670292,6.59373887282062
24238,6.59373887282062
2011,6.5931595343148395
38142,6.592287421848205
11687,6.591703933364267
614409,6.591265219825617
433498,6.590972219983199
497828,6.59082556247871
330483,6.59082556247871
847,6.59082556247871
9421,6.590237879265036
9322,6.590237879265036
629542,6.589500897033497
10110,6.589205361322218
342473,6.589057433832598
980489,6.588909399766976
154,6.588909399766976
1923,6.588464656961097
9040,6.587124635945413
109689,6.586975205846226
1807,6.586975205846226
239563,6.586676020917466
370755,6.586376402230201
5924,6.586076348840452
2609,6.585474934163866
1725,6.5853243073230825
99,6.585022725001136
774752,6.584720703694732
317442,6.583811996262991
9461,6.583356149599534
4543,6.583051696658065
591274,6.583051696658065
251516,6.5827467984472126
47931,6.5827467984472126
183011,6.580908003581756
8424,6.578897599170894
1092,6.578586592966442
11072,6.578430917529783
860,6.578275127033675
839,6.578119221350508
401,6.577963200352486
402897,6.577807063911626
482321,6.57702464557195
645886,6.576081907040537
11690,6.575293075457061
1051,6.574342593716198
109410,6.574342593716198
519010,6.574024820363242
529216,6.573706572190185
269,6.5724288099487165
9008,6.572268550881979
6615,6.57194767207544
891,6.57162631146889
10234,6.57162631146889
376290,6.571465450151379
10647,6.570982140508692
147773,6.570659327973335
16,6.570336029274519
242828,6.569850167264653
34647,6.568712204744189
19265,6.567732005209518
129670,6.567568205287277
585245,6.5672402327467285
775,6.567076059845647
11362,6.566747340073318
9769,6.566747340073318
199,6.566582792918011
1850,6.566582792918011
614696,6.566418120726871
840326,6.566418120726871
966,6.565427453828303
223,6.565096224753477
10634,6.564930420797989
283587,6.564764490371138
10559,6.564598433328166
15152,6.563932936092138
9576,6.563932936092138
7984,6.5632654013597875
64720,6.5632654013597875
9036,6.562763407568246
925,6.562595819759726
8963,6.561587588841
291270,6.561419098290977
556678,6.561081728366585
365222,6.560912848693007
83389,6.56074383901198
60243,6.5605746991733245
385103,6.5605746991733245
11104,6.560405429026627
10220,6.560405429026627
219,6.559896835230669
873,6.559896835230669
233063,6.559557118391788
11327,6.556992427699194
14359,6.556303457913345
9316,6.556130880495186
2604,6.55543922623807
964980,6.555265975741669
486947,6.555092590157162
15196,6.555092590157162
10774,6.55387509529051
4584,6.55387509529051
293670,6.5535260147703935
491480,6.5531763875305895
592,6.5531763875305895
590,6.552826212285707
290,6.552475487746323
591275,6.552475487746323
2657,6.552124212618966
2640,6.551948368179475
454640,6.551948368179475
407448,6.551948368179475
845,6.551772385606097
338189,6.550890395022874
963,6.550713580217765
108,6.550536626133566
585511,6.550359532605643
245168,6.550359532605643
746,6.549471967529856
298382,6.549471967529856
25793,6.549115959602182
9994,6.5489377445664525
417320,6.548580891516266
205220,6.54768628369129
379,6.547147814981399
642885,6.546968040394254
9281,6.54660806267506
1883,6.54660806267506
103332,6.546427859202354
722778,6.546247512426689
9559,6.546247512426689
4550,6.546067022177057
2654,6.54552468887022
1632,6.544799558736786
9675,6.544436125250748
221,6.544072110968088
11336,6.544072110968088
763,6.543707514495452
86837,6.543342334435024
9833,6.5427934670485275
2291,6.542426821873747
74308,6.542059588183437
1407,6.541691764559487
9550,6.541691764559487
483,6.54132334957923
48034,6.54132334957923
40662,6.541138919884649
10775,6.540954341815416
868759,6.540954341815416
123025,6.5405847398362
294016,6.540214542205126
475,6.539472354218372
512895,6.538167743323806
9665,6.537980766701669
43641,6.537793638620139
656690,6.537606358895107
593,6.5370436080134375
10778,6.536855719867338
303,6.5362911392739225
333352,6.5362911392739225
323677,6.5361026397370425
55931,6.535913986886182
121986,6.535913986886182
437586,6.535913986886182
615643,6.5351578385959765
34653,6.534778839687371
403,6.534778839687371
922,6.534778839687371
491584,6.534209181123725
10669,6.533828633069087
654,6.533065668475091
395991,6.532683248875153
695721,6.532683248875153
3035,6.5323002023578365
11660,6.531916527380281
3112,6.5317244537353805
6844,6.53153222239455
1430,6.531147285847626
289222,6.5303755118325615
234,6.529795011847188
10377,6.528434914774017
399121,6.527849604366208
597219,6.527458589545806
11153,6.527458589545806
284427,6.527066926545016
586863,6.527066926545016
489925,6.526674613750778
682507,6.5264782131755705
21575,6.526281649544677
308639,6.524901121462583
951491,6.524505205730469
404,6.524108629588458
511809,6.523910093347152
4643,6.523910093347152
416144,6.523910093347152
15165,6.523711391382773
539681,6.523512523487735
247,6.523313489454104
440298,6.522914922137594
506574,6.522715388437106
11075,6.522515687762812
635,6.5223158199050335
381,6.5219155817985435
12104,6.521715211128718
583406,6.521313965500472
713,6.520509451156776
315465,6.52010617903832
626735,6.519904288495214
9829,6.519499997369737
38684,6.519297596357676
1391,6.519297596357676
142061,6.518486284284018
9454,6.517264168254283
168,6.516855416491585
7972,6.51644597192929
49020,6.5158305022287335
244,6.515213463786374
228194,6.514801230337212
399366,6.514181563964717
20126,6.513974656623988
175,6.5137675729668185
2323,6.51293747065861
9441,6.512729502029515
15588,6.512729502029515
1694,6.512521355725384
30018,6.509799181165431
1480,6.509588523314621
347201,6.509377684330664
1777,6.508955462028022
4960,6.508320764219356
892,6.508108833514276
4689,6.507896720031532
524251,6.507896720031532
451,6.507259280549707
777270,6.5070464335866625
560057,6.506833402659086
353326,6.506833402659086
304357,6.506620187528371
404378,6.506620187528371
2671,6.506406787955504
288,6.505979434525162
10843,6.505765480187581
335578,6.505122503795803
722913,6.504692922635904
838,6.504692922635904
340027,6.504262595027422
4176,6.504262595027422
336804,6.504047150696707
10537,6.504047150696707
472451,6.503615699762125
1548,6.503615699762125
565310,6.503399692668896
607259,6.503183497498094
97365,6.502533781060647
11416,6.502533781060647
4518,6.502533781060647
10795,6.502316831117803
903,6.502099691864365
11031,6.501882363052433
374473,6.501229236780212
10400,6.501011147246665
3114,6.500792866908627
451945,6.500792866908627
283552,6.500792866908627
11287,6.5005743955155895
667520,6.4996985943678744
157370,6.499479163926809
606,6.499259540918439
11644,6.499259540918439
11368,6.498379118133241
574,6.497274226322961
4808,6.496386802185844
702,6.495719175321752
575452,6.495496239501824
4688,6.495273106480816
33613,6.494602521591286
110,6.49415447418135
451480,6.493480911563749
687,6.492580032793741
16307,6.492128390633344
8290,6.491675943765311
393559,6.491675943765311
3116,6.4914494178935485
11797,6.490768627288319
463257,6.489629916705333
458737,6.488944242612236
1633,6.488715274978999
9504,6.488486102085668
9589,6.488256723656109
382614,6.488027139413694
949423,6.487797349081294
234200,6.487337149035545
177,6.4871067387654495
227,6.4871067387654495
9394,6.486645296335189
226,6.486414263615267
348893,6.486414263615267
636565,6.4859515737626685
560050,6.4859515737626685
5723,6.485719916067203
515042,6.484791193568002
169813,6.484092447447162
550205,6.4817495430304835
356296,6.4817495430304835
64,6.480570092741522
430424,6.480333558175375
13855,6.480333558175375
1245,6.480096808087984
1090,6.47985984218465
626,6.47985984218465
11113,6.479622660170143
639721,6.479385261748687
157354,6.479385261748687
51608,6.4789098144991435
1653,6.477478248055459
144,6.477238888572205
7549,6.477238888572205
440472,6.475798113804834
406385,6.475798113804834
586940,6.475557212202723
174,6.475316089081897
337703,6.475074744136672
111083,6.474591387547479
14784,6.474349375289324
11975,6.474107139978399
675445,6.474107139978399
544401,6.47313596202822
502425,6.472892606814376
33273,6.4721611904501035
414425,6.471427741432665
16052,6.471427741432665
15097,6.47093764198105
14139,6.470200786329213
6620,6.468968121802291
437033,6.468968121802291
850,6.468968121802291
2100,6.468720900257506
70670,6.46847344841785
9385,6.467729707907241
327331,6.46748133166268
53487,6.467232723507527
35558,6.466485504325911
13466,6.466485504325911
417261,6.466485504325911
1052,6.466235965272743
13398,6.466235965272743
71157,6.465485945551814
75258,6.464984760315577
579974,6.464984760315577
641662,6.464984760315577
43959,6.464231217724471
637534,6.464231217724471
13930,6.463979564938057
9587,6.463979564938057
1433,6.463979564938057
331781,6.463223186149165
320007,6.463223186149165
3078,6.4629705852955865
339984,6.4614499734559345
660120,6.46119570054444
514754,6.46119570054444
961,6.460431439126772
894205,6.459920725865179
8408,6.459920725865179
2841,6.459665006511895
691179,6.459409044885421
420821,6.459152840641291
200085,6.458639702918939
791177,6.458639702918939
474354,6.458639702918939
2977,6.457610500833233
1654,6.457352588565442
585244,6.457352588565442
612706,6.455020293100823
3090,6.454759911014392
17111,6.453715889781295
758866,6.453715889781295
136,6.453454259460308
2013,6.453192378415489
411728,6.453192378415489
138,6.453192378415489
698948,6.452930246286253
11499,6.452930246286253
635910,6.452930246286253
520172,6.45266786271133
13002,6.45266786271133
528888,6.452142339775863
576,6.451879199689301
779782,6.451615806705009
3133,6.451352160458233
14202,6.451352160458233
11010,6.4510882605835125
315011,6.450824106714689
109,6.450295035526553
4816,6.450295035526553
7979,6.450030117471385
1715,6.449499514593885
4552,6.4487016878034416
643,6.4484352313934865
342737,6.4484352313934865
565179,6.448168517288744
27670,6.448168517288744
13929,6.448168517288744
621013,6.447901545115203
7508,6.447901545115203
103328,6.447099076430777
11528,6.447099076430777
647,6.446831068227399
1555,6.446562800074259
859,6.445756432128764
271674,6.445756432128764
707886,6.445756432128764
1280,6.445217546792962
8764,6.444947710969419
9075,6.444677612531933
158999,6.443865737696454
127517,6.443865737696454
526,6.443865737696454
10360,6.443051485482247
9462,6.443051485482247
1667,6.443051485482247
11963,6.442779537965393
907,6.442507324745053
8832,6.442507324745053
26280,6.442507324745053
156700,6.442234845431634
535544,6.442234845431634
8393,6.442234845431634
468,6.442234845431634
474395,6.441689086963368
10747,6.441689086963368
348678,6.441689086963368
689249,6.441689086963368
242643,6.441415807025512
90369,6.441142259428562
16234,6.440594359682903
11000,6.440594359682903
11901,6.440594359682903
324560,6.440320006745034
301,6.440320006745034
1151534,6.440320006745034
506,6.438944195552175
21348,6.438668221226328
7857,6.438391975272206
58857,6.438115457288589
930564,6.4375616036240135
45958,6.437284267136649
508763,6.436450614199074
11697,6.436450614199074
995,6.4358934719491465
11639,6.435614487513909
340613,6.435335226993134
11482,6.434215415841907
286192,6.433934768726748
828,6.433934768726748
965150,6.4333726384077075
245913,6.4333726384077075
916,6.4330911543731375
486589,6.4330911543731375
2623,6.431962416004541
575,6.431112908152105
726759,6.430829173941707
1791,6.430545156563435
817758,6.430545156563435
65218,6.430545156563435
663260,6.430545156563435
217993,6.430260855593172
522241,6.429976270605957
711,6.429406246876562
514439,6.42883508195852
11202,6.42883508195852
902,6.42883508195852
77495,6.42883508195852
343,6.428549070482285
169881,6.428549070482285
1730,6.428262772421405
408220,6.427402154417021
715931,6.427402154417021
137182,6.42711470569936
445,6.426826968233613
705996,6.426250625315799
2000,6.426250625315799
14919,6.425962018990505
446159,6.425962018990505
82881,6.425962018990505
68721,5.993412366009629
1771,5.993172487881673
10195,5.993087516730997
10138,5.993013361833822
135397,5.9928740011499935
1930,5.991635172411521
76338,5.991634697002167
240832,5.991014193757821
131631,5.990860757140834
321612,5.9908025053898095
335983,5.990786961301522
299537,5.990764415746572
72190,5.9905914404086635
181808,5.990532130049731
49521,5.9905193232691225
1893,5.99005086479337
559,5.9897444602670795
12155,5.989743745645121
1865,5.989736593944155
297802,5.989710045704218
920,5.989589963487738
353486,5.989491860766269
8966,5.989381942991858
363088,5.989253248667723
274870,5.989180571431427
102382,5.989146264564053
1894,5.989107710630735
141052,5.989028957495015
246655,5.988986268613672
157350,5.988919940812491
131634,5.988586576748846
68726,5.98847396192272
72105,5.988412257420338
70981,5.988190989550155
166426,5.988085842136403
351286,5.987968979381487
1724,5.987940392769612
2048,5.987911669986294
49530,5.987477666645663
93456,5.987400487395405
1858,5.987372382785957
338952,5.987053610146286
291805,5.98698031789059
953,5.986956087712967
310,5.986834748994018
75612,5.986834748994018
211672,5.986733888576217
206647,5.9866738337485845
45243,5.986575382502109
337339,5.98645056556689
293167,5.98644931815072
41154,5.986401745542603
294254,5.986389170866758
64688,5.986375311834965
495764,5.986367740460603
787,5.986334833697255
343668,5.986313231704773
59967,5.986300492717156
1593,5.986257002217846
262500,5.986135314031003
854,5.986118314981903
283366,5.986022079178833
392044,5.985869095022382
580489,5.9858609504085605
608,5.985841909749242
405774,5.985798195074596
605,5.985741789572132
181812,5.985631832658446
950,5.985617793018676
8960,5.985442833918814
76170,5.985425536563336
110415,5.985369035164326
602,5.985342809575097
772,5.985288605072776
591,5.984993117226052
9487,5.984785248475617
47971,5.984680734154155
124905,5.9846038173381935
810,5.984498419563257
564,5.984493520201552
50620,5.984477166605476
138832,5.984429545514982
68724,5.984283234784103
24021,5.984273158858118
50619,5.9842697973445675
109439,5.984060265730249
474350,5.984027400298766
76492,5.983961261169568
254128,5.983922719142886
300668,5.9839121755113265
512200,5.983836206210535
8373,5.983734389850053
348350,5.983712791164448
158015,5.983665796665534
126889,5.98361670678463
464052,5.983613058756749
450465,5.983510250252422
402900,5.983467650651817
74,5.983426696740584
38356,5.983402401190022
8355,5.9833404067632285
217,5.983293132094566
328111,5.983193936258635
278927,5.98318049294402
39254,5.983151613295916
524434,5.983097438419054
315837,5.983035096098792
339846,5.982982135940932
337167,5.982972292197261
435,5.982879201320591
187017,5.982825261814834
198184,5.982758872408706
50544,5.982744723769417
333371,5.982653210813568
95,5.982618386130506
10764,5.98257311079246
256591,5.982566918601578
22970,5.982550384558758
254,5.982529672849036
338970,5.9824964316509845
27578,5.9824169745255205
341174,5.982362192181321
49013,5.982202236245843
2105,5.982193623730114
345940,5.982089619585437
57800,5.981975568669253
339964,5.981895755689191
32657,5.981830946025568
8871,5.981693096237951
214756,5.981652018667804
395992,5.981455523970407
168672,5.981439154319435
458723,5.981432129904519
10192,5.981366311400573
62213,5.9812547750577085
163,5.98125238743512
1824,5.981178068254875
616037,5.981173253230126
150689,5.981081297397573
295693,5.981061823694432
384018,5.981047192087706
83542,5.9810398678027985
20526,5.981037425116352
49519,5.980958925453185
324852,5.980837455247119
158852,5.980822474756107
8909,5.980789936537866
427641,5.980784920855499
7191,5.98077739241911
195589,5.980774881629197
9339,5.980729574987317
75780,5.9806383180417155
1734,5.980620473173551
37735,5.980582123186428
18360,5.980463564342066
310131,5.980453186421398
4247,5.980434998505001
10527,5.980388073784559
1487,5.980351420872131
13448,5.980285627344378
68735,5.980267126123223
10201,5.980251240272793
619264,5.980240635488404
49018,5.980219391715242
447404,5.980214073632629
38055,5.980211413518839
9543,5.9801927726757
76163,5.980125910579683
60304,5.980107108224506
9615,5.9800774896796325
39514,5.980045077786485
337401,5.980036958328106
381283,5.980026122099758
956,5.979963584774452
6957,5.979911627371792
188927,5.9798841729879895
262504,5.979878673103639
46195,5.97987317021101
82675,5.97982350839659
117263,5.979801357726516
955,5.979801357726516
37686,5.979776380015544
419704,5.979689870809041
296,5.979602618313903
53182,5.979491778424568
238636,5.979420091408435
11631,5.9793159771997075
534,5.9793159771997075
241259,5.979310162180647
364,5.979278121040846
44896,5.979266445098341
676,5.9791460036487845
51540,5.979089713560608
2454,5.979080797861445
109414,5.979074849836952
10555,5.979012190753333
270303,5.978985221837967
207932,5.97889482273489
298,5.978891796035152
57214,5.978885740030573
2059,5.978852369792115
341013,5.978794481163107
1576,5.978751623177874
5255,5.978717827321158
59859,5.978556598740257
9737,5.978540967160391
390043,5.978465617227963
335988,5.978446696991233
440021,5.978443540385636
82654,5.978437224399813
565,5.97843090471177
277,5.978313318661135
80321,5.978271699697833
424783,5.978210583827258
49017,5.978181514045823
436270,5.978171806874259
39538,5.978168569230662
7446,5.9781523665953875
238713,5.978145878805215
20504,5.978132891658465
8467,5.978113381970724
38365,5.9780415476283935
13053,5.978031715485541
2300,5.9780021661564975
242224,5.977985715488053
401981,5.977959343179563
87502,5.977889814293695
38575,5.977866540414004
373571,5.977833206890531
1597,5.97774606800017
333484,5.9777427028206755
181533,5.977648062832669
302699,5.977631078077982
57201,5.977631078077982
36647,5.977610662268501
22794,5.977610662268501
80274,5.977421766183943
7131,5.977407903876151
76493,5.977380128131723
507086,5.977303391480821
140300,5.977296389596348
346685,5.977275357998012
181886,5.977275357998012
445571,5.977250771832012
8488,5.9772226081326405
1571,5.977212028758805
228967,5.977194374613127
260346,5.977176693092437
324668,5.97714834556018
8247,5.977144797166634
159824,5.977123483642076
3049,5.977109252527701
274857,5.977087872626576
49040,5.977034247738044
1573,5.977023492624591
39513,5.9770019521489255
10530,5.976965961463712
260514,5.976947923845438
50546,5.9769153848420835
400106,5.976908141473662
396422,5.976839102085464
335787,5.976787966212447
338967,5.976696088307968
512195,5.9766813203030935
49529,5.976677625376822
10140,5.976599760533087
1624,5.976513881243517
2675,5.976434917347603
105864,5.976393343023757
624860,5.976374397071127
9532,5.9763592183991525
9654,5.976328802469142
27576,5.976252419127642
64635,5.976202505053052
8077,5.976198656816482
157353,5.976163966599697
37710,5.9761136796094
4523,5.976059286557112
82507,5.976043700155131
254470,5.975992903890576
41733,5.975981151069374
17578,5.975859028006089
75,5.975851106440218
225574,5.975807444732597
1635,5.9757316560186515
107985,5.975727653983035
496,5.975663441427435
215,5.975586746351488
8961,5.975554308877781
879,5.975525855296496
316727,5.975489174646649
4108,5.9754850922307
13811,5.975444193152006
76726,5.975370229878368
76285,5.975162418790605
286565,5.975090961880712
345887,5.975057192637371
16996,5.9749510710948135
107846,5.974938275796548
10882,5.974912645943945
11253,5.974852638604668
10096,5.974831137782682
6637,5.974826833205597
332567,5.974792343509697
311324,5.974775063196764
9836,5.97471873819188
453405,5.974714395078702
1991,5.97465343443312
5876,5.974570230434196
11774,5.974442176376649
290859,5.974406623848569
454,5.974393266136591
338762,5.974379894474
49049,5.97437543414922
634,5.974308342425052
201085,5.974272416317624
138103,5.974231879158459
27022,5.974227367142904
7443,5.974132248462762
447200,5.974132248462762
504172,5.974045581688084
544,5.97403642507552
9880,5.974031844345999
2770,5.97389366685937
253412,5.97389366685937
290595,5.9738240252095185
4547,5.973805391306838
268896,5.973763367870433
97367,5.973711822424205
308266,5.973693028374106
5559,5.973627037045892
88751,5.973498828547555
559969,5.973484506170622
274855,5.973345254210997
693,5.973262941644527
8078,5.973150765004218
117251,5.973145866402686
2667,5.973101698419796
7551,5.97306724496855
267860,5.973057384908132
23629,5.973042581273466
509967,5.972983203699178
431,5.972968318411961
298312,5.972968318411961
46529,5.972953416713179
41630,5.972953416713179
424139,5.9729285440046205
10865,5.972883657655328
320,5.972853650636873
36586,5.972838622209471
4944,5.972743054398727
522681,5.972722849101764
8065,5.972717793096038
10947,5.972702613826617
640146,5.972651894045545
34544,5.972595884146923
376570,5.972570349189922
15512,5.972544766601963
428078,5.972544766601963
8839,5.972503735055692
17979,5.9724057918547295
20662,5.972390263318913
446354,5.9723591537564555
2268,5.972322770544025
123553,5.972301937100701
109428,5.972286291424049
369885,5.972260175980612
9928,5.972155220157609
296524,5.972128856987904
38050,5.972075980601996
227156,5.972060078540835
133805,5.971980295783957
278154,5.9719536001816165
272693,5.9719161407657175
305470,5.971910781250596
97630,5.97183553267377
214,5.971830142345096
37834,5.971808560381751
337170,5.97180315972282
7518,5.971716466901061
134374,5.971700152615482
8916,5.97169471033714
71552,5.971667467517444
399035,5.971667467517444
9732,5.971667467517444
11322,5.971667467517444
514999,5.97156895764982
9398,5.971524955262745
9637,5.971497384537785
55721,5.971414351088197
400155,5.9714087983203425
2787,5.9713921270657195
329996,5.971353151761994
10137,5.971286089300259
9522,5.971274881684841
136797,5.971263665316892
3021,5.971258053847515
9679,5.97123558603735
1907,5.971167971352227
138697,5.971162322443794
476669,5.970980381260474
9602,5.970836634387383
631843,5.970726430738488
1577,5.970714781884824
2978,5.970703123756593
109418,5.970691456342717
338953,5.970679779632096
72545,5.9706505471092965
91586,5.97061539104674
9659,5.9705742690430075
588,5.970515323267853
1562,5.97047984230909
22971,5.970349011634393
132232,5.970235084682129
321697,5.97018685309968
376659,5.97016872593294
356305,5.970144522059457
227159,5.970114211929568
484247,5.970059498322442
1495,5.969998469986368
274479,5.969992353466488
270946,5.969980112941694
27581,5.969967862426673
397243,5.969967862426673
1903,5.969961733419005
8699,5.969955601909191
136400,5.9699187602193176
205775,5.9699187602193176
6947,5.969789099703023
7737,5.969745630781731
526896,5.96973941072227
9273,5.969702036589775
8273,5.969658316584853
87421,5.969627010679556
1701,5.969614470221536
188161,5.96960819610843
1371,5.96960819610843
82682,5.969601919403785
52520,5.969539009468775
4233,5.969526396222179
34851,5.969444154816924
2789,5.969323154179476
146216,5.969323154179476
442249,5.969291152462576
379686,5.969259083908338
72710,5.969239810606712
10719,5.969214075246418
834,5.969181845425696
5175,5.969136610139048
9358,5.96910421783231
228161,5.969091241863318
9342,5.969071757460206
8965,5.969000103991812
136795,5.968973965799561
4964,5.968928117743958
503736,5.968789756945107
9297,5.968756632085146
569547,5.968749998673699
8835,5.968630113758126
3981,5.968589947450517
417859,5.968583243063634
515195,5.96856311271959
345911,5.968542956561899
86838,5.968516041444518
360920,5.968394351246108
1493,5.968373978030324
48138,5.968305877207822
7555,5.968292221833935
7453,5.968278554688173
340837,5.968216906446366
75174,5.968148126758954
9313,5.968127434766809
522938,5.968120531460499
1369,5.968092888305469
710,5.968079048742816
64686,5.968065197169261
4148,5.968058266873507
9286,5.968030515584953
189,5.967988798119427
12153,5.9679678985316915
9392,5.967926017379194
9919,5.967870005185139
2123,5.967862989902429
13649,5.967848950142666
402,5.967771511660417
72976,5.967764453296786
257445,5.967764453296786
301365,5.967750327290343
11619,5.967743259643464
10330,5.967714958050696
9762,5.96763687197738
10189,5.967629754509154
10483,5.967508276766694
296099,5.967429186491065
663,5.967414765054931
5038,5.96730619585809
1948,5.967262565336549
1272,5.967145645927036
762504,5.967116285467633
1817,5.9670721462534955
448119,5.966998316985006
298618,5.966998316985006
298250,5.9669761036017785
2253,5.966953860294819
10184,5.966864586617092
16871,5.966842192780608
153518,5.9667973141784625
343674,5.96678232763555
41446,5.96672224593107
9804,5.966692123501499
9739,5.96657108647584
22947,5.966533081799255
136799,5.966525470491955
12437,5.9664644551727335
1586,5.966456812614659
193610,5.966456812614659
152760,5.96638787251727
419479,5.966380195009849
11665,5.966372513994316
449563,5.966287790598517
462919,5.966218153259841
646,5.966210398014951
9335,5.966210398014951
59961,5.966194876838109
20943,5.96615601144013
11887,5.966085828053715
446021,5.966078011927431
12244,5.965936703020857
87093,5.965936703020857
8271,5.96592092932464
65086,5.965913036997018
635744,5.9658972413700475
73723,5.96587352046212
347031,5.965841841205181
308531,5.9657703473844474
232672,5.965754419207335
262391,5.965682558580816
397837,5.965674555446157
44048,5.965650523629668
521029,5.965634483715416
400535,5.96562645813945
204082,5.965618428814091
172385,5.965610395736711
399170,5.965554058917182
505026,5.965529858021808
160588,5.965497537213579
1992,5.965489447538834
10591,5.96544894219557
11917,5.9654408297142805
9472,5.965408341657608
1246,5.965400210097114
423204,5.9653186837307075
9481,5.965302332332184
725201,5.965261386300006
15969,5.965212123316739
9486,5.965071783045355
59962,5.964888476563245
267935,5.964880098724201
97370,5.964871716886187
295964,5.964854941201796
280092,5.964854941201796
752623,5.9648465473496834
2288,5.9648465473496834
9870,5.9648213417191975
50456,5.964812931808062
512196,5.9648045178749705
256274,5.964779251915082
340102,5.964728611012012
55779,5.964677824274808
13387,5.964626891072609
353616,5.964609880681202
258216,5.964609880681202
261023,5.964601369348996
400650,5.964584334396806
543540,5.964550215258459
278924,5.964533131024849
816,5.964533131024849
9291,5.964490348311972
77950,5.964309528068168
62214,5.9641705194141
392,5.964153067158579
817,5.9640655502326965
458576,5.9640655502326965
23631,5.96404799554302
58233,5.96404799554302
12222,5.963942306161961
6795,5.963880366565184
11130,5.963862630432881
259694,5.963844876873772
1620,5.963844876873772
9032,5.963684306378762
328425,5.96363046546902
9489,5.963621476459002
11247,5.9635494040993375
9390,5.963531341365987
3594,5.963522303284541
796,5.9634589110608545
46705,5.963449837038273
274167,5.963395298123134
8367,5.963386192475902
285783,5.963367967584152
27582,5.963340596202522
9362,5.963147845206091
169,5.963147845206091
399361,5.963129382202686
5174,5.96308314365516
38408,5.963064615747333
2005,5.963055344817551
22804,5.963018214510834
76025,5.962953056570129
19959,5.962925061398772
664,5.9628970238853345
109451,5.962803258466799
6557,5.962765619467018
180863,5.962737340190664
1370,5.962680652574322
646385,5.962604800242155
18487,5.962557235755056
238615,5.962557235755056
109421,5.962480880385705
9506,5.962442585800746
531309,5.962423409178739
514847,5.962384997125767
511987,5.962375381838733
455980,5.962365761634652
12133,5.962327231572338
8967,5.96230793694062
10521,5.9621625947951475
9029,5.962143131109342
10022,5.962143131109342
443791,5.9621236473888635
644495,5.962094384175411
119283,5.961927701436401
714,5.961917850906371
11283,5.961878397760456
1934,5.961759546311542
9354,5.961689873439126
9476,5.961669920248209
412117,5.961659935856505
11430,5.961499475216616
12113,5.961459149974632
9655,5.9614389556597125
415842,5.961378245540048
77930,5.961357966330565
615656,5.961297000723935
303858,5.961276636083432
525661,5.961276636083432
458897,5.961266445724506
406759,5.961174490570595
622,5.961153996767782
8922,5.961143741751089
540901,5.961112944188407
8656,5.961112944188407
95610,5.961020257879535
1738,5.961009932120033
9792,5.960989264180525
157547,5.9609789219918135
112205,5.9609789219918135
59108,5.960895986650671
13809,5.96085438663647
37056,5.960833553420203
429351,5.960833553420203
158011,5.960770920509894
957,5.960718573192721
433808,5.960708086960258
406563,5.960645051805647
109491,5.960613458323019
2758,5.960613458323019
10585,5.960592367805388
9992,5.960581814074216
619,5.96055011893678
157386,5.96052896051304
9889,5.960507779381037
9772,5.96049718028801
249397,5.960444099369289
60935,5.960316121259942
36643,5.9603054190272715
137094,5.960262552309159
4488,5.96023034146261
1656,5.96021959290625
9598,5.96021959290625
943,5.960133394841041
44040,5.960122593810112
314095,5.960068500746913
1268,5.960035974410297
35056,5.95998164593614
449443,5.959927169548904
25,5.959916256468716
605116,5.959916256468716
7512,5.959905337442965
594767,5.959894412466792
13027,5.959894412466792
169917,5.959894412466792
10202,5.959828737378037
241554,5.959806797857215
438799,5.959795819107654
841,5.959773843605664
1267,5.959762846843391
38117,5.95971879960403
8068,5.959619339849965
15092,5.959608258439387
76640,5.959563871910198
531219,5.9595527600310865
261392,5.959530517941468
597208,5.959497108902895
26388,5.959474805548767
193893,5.9594524776179405
7220,5.9594524776179405
11007,5.95943012506977
353070,5.959385345958367
768,5.959351696700669
9801,5.959351696700669
65057,5.959171288142336
9355,5.9591599594209566
8643,5.9591599594209566
398181,5.9591599594209566
49520,5.959091854850785
335977,5.95906910282345
8413,5.959034927290043
10999,5.95898927103737
1381,5.958943512901847
7484,5.958943512901847
8054,5.958932057408796
713704,5.958920595521385
1255,5.958886171439421
339397,5.95884018281687
80271,5.958747896231256
4513,5.958724759885901
116711,5.958724759885901
257091,5.958527048113025
225565,5.958480252116536
74465,5.958433350396251
11024,5.958351016908072
447277,5.958280185304173
882598,5.9582446790789
9477,5.9582328302364145
1887,5.958220974667364
760104,5.958185367543502
210479,5.958090117811254
712,5.958030366054498
9593,5.957994433148723
20048,5.957982441836461
313922,5.957958438661274
384677,5.957922382433712
459992,5.957910349943702
393457,5.957825929442155
9705,5.957777536934344
417384,5.95770473958423
9902,5.95770473958423
9336,5.957582851225683
610253,5.957570623739729
600583,5.957570623739729
601666,5.957546147606901
9373,5.957546147606901
429300,5.957509380413718
8204,5.957472549480822
484641,5.95742334213281
9614,5.95741102249801
49527,5.9573986957317295
8874,5.957386361827772
9279,5.957349317227797
379149,5.95733695471105
49517,5.957275034471154
944,5.957262628848178
227719,5.957250216018915
9315,5.957100697683802
399360,5.957100697683802
565426,5.957038089244929
82520,5.95702554562135
62835,5.9569752977939565
306947,5.956950129790327
55787,5.9568238468034975
17609,5.956798501248349
9374,5.956798501248349
8009,5.95678581730861
109443,5.956722285725705
2652,5.956709556986214
419680,5.956696820757024
395990,5.956658567065113
407436,5.956556226019222
192141,5.956466280317398
505948,5.956414715354789
6466,5.956311218092349
2976,5.956311218092349
567748,5.956272279784054
58244,5.956259284919205
77174,5.956259284919205
449562,5.9562202539420355
316023,5.956207228132437
928,5.956102741948442
9352,5.956089646107734
26466,5.956063430971081
740985,5.956024049522893
8584,5.955984597414211
171274,5.955984597414211
9257,5.955971430976106
1832,5.955918686359127
10567,5.9559054804533025
11319,5.955892266632642
83899,5.955852577610416
361292,5.955839332059143
587807,5.955812817097906
335796,5.955746390184343
9003,5.955719763463636
115782,5.955693104681855
18533,5.955693104681855
24420,5.955666413781062
8265,5.95565305626789
951,5.955612935389964
292431,5.955532475454117
2330,5.955519037096743
9408,5.955478673246558
10316,5.955465202345877
463272,5.9554382360742135
23048,5.95538420544199
38167,5.955370677305373
9387,5.955370677305373
568091,5.955370677305373
88794,5.955343596405681
304410,5.955112074947583
282984,5.955084679204493
72387,5.9550160433230825
1281,5.954878140328978
7552,5.954850458206479
325348,5.954725467164911
8390,5.954697597338605
134411,5.954613781607501
602269,5.954613781607501
16690,5.9545997821570396
460458,5.954529655160063
10358,5.954515603755601
43923,5.954501543664026
82703,5.954445216265281
10665,5.9544311126170655
581392,5.954346306995386
63492,5.954303785704167
332210,5.954275394145115
228165,5.954232740594877
12242,5.954218505055404
290512,5.954161474230185
376866,5.954161474230185
433310,5.954118607778405
2082,5.954018273587356
301351,5.954003904297851
96,5.954003904297851
19898,5.953975138759576
9350,5.95391749960962
9007,5.953903067257477
8328,5.953830769684167
8456,5.9537437126816855
149509,5.953714620677083
41216,5.953700060947821
3563,5.953656326748464
884605,5.953656326748464
401469,5.953641730315945
858,5.953583252523849
9494,5.953553958268578
96724,5.953539297270556
6972,5.953509947489931
481084,5.953509947489931
11459,5.953436410551447
865,5.953406930596114
87492,5.953377413288922
13455,5.953229263982562
42188,5.95321439725147
4970,5.953199521066177
446791,5.95315483569482
581600,5.95315483569482
660,5.953035256462388
384680,5.952975237620807
9567,5.952960208933565
168530,5.952915065180142
8848,5.952915065180142
412656,5.952809392033705
28355,5.9527791125290745
6038,5.952718436798305
97,5.952703243493934
86825,5.952703243493934
8536,5.952703243493934
457335,5.952672827573352
294272,5.95261187822058
631842,5.952596616345611
2135,5.95258134463696
454992,5.9525660630851185
339527,5.952474166533136
619778,5.952443455170638
43947,5.952428084600234
2133,5.9523973136329635
591273,5.952381913216798
6950,5.952335652122125
9493,5.952304761423566
6278,5.952227359218801
245,5.952211848621144
14001,5.952211848621144
9397,5.952071798682228
1248,5.952071798682228
625568,5.952056186890269
37950,5.952024932774812
11439,5.952024932774812
347375,5.952009290431406
68727,5.952009290431406
8872,5.951977975123368
484718,5.951946618920379
10065,5.951868048970937
58431,5.951820783552577
483906,5.951710135745776
22972,5.951710135745776
37137,5.9515671252889515
463821,5.951551182933879
82525,5.9515352300800535
522931,5.951519266717103
287903,5.951519266717103
303991,5.951503292834636
374416,5.951487308422256
426543,5.951471313469543
619730,5.951471313469543
16614,5.951423265265057
192102,5.951423265265057
137093,5.951326882854869
565770,5.951294670335249
1428,5.951246271531343
8856,5.951213952188639
718032,5.951213952188639
632357,5.951181589967868
64689,5.951165392751534
154400,5.951165392751534
59860,5.951165392751534
13655,5.951165392751534
667,5.951116736550357
399402,5.951116736550357
2309,5.951100496263496
280217,5.9510842451821615
4564,5.951002827481066
8913,5.950986511406302
8346,5.950953846635496
14337,5.95092113829714
9595,5.95092113829714
229297,5.950773409281981
10147,5.950773409281981
49021,5.950723968447647
294963,5.950707466092807
49526,5.9506909526811125
795,5.950657892642683
11551,5.950624788243248
34016,5.950491925244912
24803,5.950441917088594
431530,5.950425225245242
700391,5.9503583452793
10314,5.950308066763378
15144,5.950291284617738
599975,5.9502576862971015
460668,5.950224042527266
77866,5.950207203570069
85446,5.950207203570069
48171,5.9501734914533255
23082,5.950072080648956
6282,5.950055138701433
12573,5.950038185252248
9378,5.950004243802012
48231,5.949987255777479
646389,5.949970256204325
8292,5.949936222365008
197796,5.949868015583489
18126,5.949850934839224
310593,5.949816738408838
9913,5.949765356229735
184346,5.949748205446611
339967,5.949748205446611
12184,5.949731042948471
2642,5.9496966827590985
681,5.949679485043802
59678,5.949679485043802
458594,5.949593319778467
14411,5.949593319778467
25195,5.949541478832062
1535,5.949541478832062
88005,5.949524174812457
11395,5.949524174812457
8005,5.949472191470348
6415,5.949472191470348
11282,5.949454839887748
216282,5.9494201009460905
13680,5.949333044321213
7461,5.949315597022425
64685,5.949245687501078
13700,5.949245687501078
331313,5.949245687501078
4836,5.949228179976932
204922,5.949228179976932
864,5.949193128668666
760161,5.949175584859503
437557,5.949140460868391
29917,5.949105288296378
41402,5.949087683761025
8461,5.949070067042603
36593,5.948999478084936
9641,5.948928693182902
29427,5.948910966245444
253,5.9488577115195005
11852,5.948839935263512
12180,5.948786532273181
682,5.9487330176778555
458305,5.9487330176778555
913290,5.9487330176778555
339692,5.948697279105307
11281,5.94866149067078
500682,5.94866149067078
212716,5.9486435777226525
8840,5.948625652269852
10027,5.948625652269852
26389,5.948589763797807
245706,5.948589763797807
1844,5.948589763797807
1788,5.9485538251496415
243683,5.948463758316921
5336,5.9484457070939145
4806,5.948391477473045
375366,5.948355260966009
10664,5.948355260966009
10159,5.948337133644481
37233,5.9482644969255265
8224,5.9482644969255265
335866,5.948045356072406
11460,5.948045356072406
262551,5.948027010506047
19901,5.947898227877213
763285,5.947842839742425
707,5.947842839742425
164457,5.947824350851869
2207,5.947805848848626
796499,5.947805848848626
58151,5.947787333718738
698,5.947768805448234
41233,5.947750264023117
420634,5.947750264023117
585216,5.947713141652975
691,5.947713141652975
390062,5.94769456067986
535292,5.94769456067986
8769,5.94769456067986
9276,5.94765735908717
700,5.947638738439389
629176,5.94756412317532
16995,5.947489294952952
520663,5.947470554515747
440161,5.947470554515747
5994,5.94741425285928
625450,5.9473954588109805
10025,5.947357830383806
9285,5.947357830383806
31867,5.9472257058992914
9778,5.9472257058992914
241848,5.947168877872621
455,5.947130924480289
7303,5.947092916518017
9759,5.94705485386803
11009,5.947035801998245
500840,5.946997657095111
11357,5.946997657095111
273477,5.946997657095111
245703,5.946940336608913
13971,5.946940336608913
41283,5.946940336608913
709,5.946921202218941
41210,5.946882892007623
727745,5.946806105440233
1946,5.946729096544742
9564,5.946709809468908
369192,5.946651864354158
280996,5.946651864354158
15373,5.946651864354158
286554,5.946613164219487
9618,5.946574407895871
326359,5.946555008624954
755566,5.946516167788198
4141,5.946516167788198
11932,5.9464967261916115
11238,5.9464967261916115
9671,5.946457800564978
337674,5.9464383165040475
301804,5.946379779145036
460885,5.946321113695523
9535,5.946281932026688
303857,5.94626231973462
48415,5.94626231973462
2043,5.946223052156785
1636,5.946203396839593
35019,5.946183727149222
2069,5.946183727149222
9100,5.946144344585848
14442,5.9460654062854985
4824,5.946025850294508
16523,5.946006050533061
521777,5.9459465639930675
585083,5.9459465639930675
9619,5.945926706007761
3989,5.945926706007761
668,5.945906833426359
23202,5.945886946232766
8193,5.945827196817492
9946,5.945827196817492
13515,5.9457872905168045
9255,5.9457872905168045
9319,5.945767315310658
1634,5.945707301273746
283350,5.945707301273746
382322,5.945707301273746
76494,5.945586873845887
699,5.945526459568144
264999,5.945506291652396
10045,5.945506291652396
3683,5.9454861087974535
34813,5.9454861087974535
11452,5.945425470431266
1648,5.945405227653236
2655,5.945384969852736
775996,5.945364697013038
3595,5.9453444091173875
804150,5.945324106149005
429415,5.94530378809109
457136,5.94530378809109
5689,5.945263106639317
1911,5.945222364627139
9268,5.945201970868624
6279,5.945181561919226
9326,5.945140698379845
145135,5.9451202437558255
9620,5.9451202437558255
11186,5.945079288713853
318917,5.945058788261711
10663,5.9450382724993
15157,5.9450382724993
11635,5.9449971949750084
559907,5.944873593165964
203739,5.94485293883594
381719,5.9447908828781415
648579,5.944749434592014
945729,5.944624715482741
2112,5.944583017226327
9896,5.94454125612401
244458,5.944415594317645
10781,5.944394595297743
39013,5.944394595297743
9955,5.944373580405564
441701,5.944310440315219
10982,5.94418372914415
13600,5.944162554534569
2289,5.944056440042997
50839,5.944035168727423
13813,5.944013881229793
19458,5.944013881229793
2064,5.944013881229793
71688,5.94399257753163
10431,5.943971257614436
3509,5.943971257614436
461130,5.943971257614436
18405,5.943949921459682
15789,5.943928569048809
2332,5.943907200363233
581032,5.943907200363233
708,5.943800112162323
968051,5.943778645436641
302156,5.943778645436641
11003,5.943735662749665
226857,5.943714146750716
1498,5.943714146750716
425972,5.943692614289642
10072,5.9435630727581
13510,5.943541424531309
579047,5.94349807821617
1647,5.943476380089526
9874,5.943432933802122
499701,5.943389420674278
7270,5.943389420674278
22824,5.943367638996969
152,5.943367638996969
28211,5.943367638996969
553604,5.9433458405516255
774825,5.943324025318877
2196,5.943324025318877
486131,5.943302193279323
11820,5.943302193279323
581726,5.943258478702052
12783,5.943236596125384
398929,5.943214696664014
4614,5.943214696664014
4566,5.9431927802983875
3432,5.943170847008929
85889,5.943148896776023
8489,5.9430829442200785
136418,5.943060926016683
445629,5.943060926016683
12106,5.943060926016683
16538,5.943060926016683
296100,5.943060926016683
9357,5.943038890771333
1588,5.943016838464237
467938,5.943016838464237
68817,5.943016838464237
324670,5.943016838464237
323675,5.94299476907557
7288,5.94297268258548
617,5.942928458221452
800815,5.942861992916585
170687,5.942839803399272
325789,5.942728596791099
10761,5.942639319467313
11172,5.942594576346772
1852,5.942549763369682
181283,5.942527330633785
454293,5.942504880372313
1729,5.942504880372313
736526,5.942482412564722
314405,5.942482412564722
285923,5.942392365461106
726209,5.942347236096014
9718,5.942347236096014
646207,5.942324644887588
663712,5.942324644887588
4379,5.942234102728856
9349,5.942211422753484
4421,5.942166009333251
44603,5.942166009333251
37786,5.942097755213661
258509,5.942074968025629
8952,5.942074968025629
1825,5.942006498720695
10735,5.941960762520948
55846,5.941937867358234
330764,5.941937867358234
283378,5.941892022800285
512,5.941800116153864
24253,5.941800116153864
616820,5.941754053721062
4349,5.941684823198543
80389,5.941661709771353
171372,5.94163857801472
9563,5.94163857801472
334524,5.941615427906832
11017,5.941569072549871
7516,5.941569072549871
55420,5.941545867256999
11675,5.94149940133272
9725,5.94149940133272
11371,5.941429563769647
716612,5.941429563769647
300673,5.941406247513186
9427,5.941336187227231
227973,5.941336187227231
152747,5.941289387217042
2026,5.941289387217042
8689,5.941172059853367
252838,5.94112499750125
10153,5.94112499750125
11351,5.94110143807648
77883,5.941077859789081
11023,5.941030646535706
10033,5.941007011524298
623491,5.940983357559392
614560,5.940935992677819
2662,5.940864802632834
5516,5.94084103446669
65759,5.94084103446669
33217,5.94084103446669
846,5.940817247186619
11081,5.940793440769559
511785,5.940721906465212
9869,5.9406980232687845
11013,5.9406741208194775
6964,5.9406741208194775
9788,5.940626258069029
501907,5.940626258069029
208134,5.940578318027098
800158,5.9405062626326295
638974,5.940482205318692
12233,5.940482205318692
9359,5.940458128540908
551804,5.940458128540908
532639,5.940409916499241
11096,5.940385781187981
284303,5.940337451865879
9529,5.940289044118915
46146,5.94026481077643
9012,5.940216285033763
2179,5.94014334841526
44244,5.940118996644884
87825,5.940094625052147
10796,5.940094625052147
64328,5.940070233612836
9963,5.940021391097442
43933,5.939996939972737
634528,5.939996939972737
11808,5.939972468904211
9353,5.93992346683801
11683,5.93992346683801
454227,5.939751327774509
9691,5.939751327774509
413518,5.939726655918561
309886,5.939701963848064
406761,5.939701963848064
7459,5.939627766100543
49009,5.939627766100543
12201,5.939578199406045
401246,5.939578199406045
417870,5.939578199406045
2142,5.9395533855248965
446894,5.939528551254364
578701,5.939503696569307
2294,5.939453925854844
505058,5.939453925854844
16577,5.939404073179549
8843,5.9393791160432965
467660,5.939354138340802
568620,5.93932914004663
112336,5.93932914004663
10157,5.939304121135309
11228,5.939228940443074
565028,5.939228940443074
424781,5.939228940443074
9944,5.939203838807568
9386,5.939203838807568
527261,5.939203838807568
33909,5.939203838807568
9768,5.939178716426911
45132,5.939128409327181
8838,5.9391032245565265
513310,5.9391032245565265
1551,5.939078018937551
126963,5.9390527924443575
14462,5.939027545051004
724209,5.939002276731506
8845,5.939002276731506
22832,5.938976987459837
14191,5.938951677209923
9035,5.938926345955653
10715,5.938926345955653
614479,5.938900993670869
760883,5.938900993670869
8469,5.93887562032937
60670,5.938850225904913
10779,5.938850225904913
790,5.9387739158706845
484482,5.9387739158706845
84348,5.938748436851071
11529,5.938748436851071
2251,5.938697415140826
9647,5.938646308358951
11355,5.9385951162925
395993,5.9385694882108195
152737,5.938518167816676
9726,5.938518167816676
6312,5.938441026245556
4858,5.938441026245556
14254,5.938441026245556
442062,5.938441026245556
38357,5.93838949089708
406994,5.93838949089708
9437,5.938363690851392
146239,5.938363690851392
9667,5.938337869188574
315664,5.938337869188574
9208,5.938337869188574
